{
    "variant 1": {
        "curve": {
            "kind": "linear",
            "pts": [
                {
                    "x": 0,
                    "y": 0
                },
                {
                    "x": 0.1968112337861182,
                    "y": 1.0039859577673522
                },
                {
                    "x": 1,
                    "y": 0
                }
            ]
        }
    }
}