{
    "curve": {
        "kind": "1 wave",
        "pts": [
            {
                "x": 0.000004609750845015535,
                "y": 0
            },
            {
                "x": 1.0000006123667653,
                "y": 0
            },
            {
                "x": 0.48936606755596135,
                "y": 0.9990490254923614
            }
        ]
        }
}
